{"port":80,"socketPort":81,"acc":{"offset":{"x":-56,"y":88,"z":0},"max":{"x":1424,"y":1568,"z":1392},"min":{"x":-1536,"y":-1392,"z":-1408},"flat":{"roll":-89.65895772114116,"pitch":7.907024399714746}},"mag":{"offset":{"x":81.5,"y":20.5,"z":0},"max":{"x":655,"y":597,"z":673},"min":{"x":-492,"y":-556,"z":-282}},"accMin":0,"magMax":0,"magMin":0}